support	confidence	lift	rule
0.4	1	1.25	{4=>1}
0.6	1	1.25	{3=>2}
0.4	1	1.25	{4=>2}
0.4	1	1.25	{0,3=>2}
0.4	1	1.25	{1,3=>2}
0.4	1	1.25	{2,4=>1}
0.4	1	1.25	{1,4=>2}
0.4	1	1.66667	{4=>1,2}
0.4	1	1.66667	{4=>1,2}
